,P149774,P149985,P153403,P153537,P154325,P155534,P157632,P158276,P158665,P158785,P160100,P160971,P161515,P161809,P161865,P165970,P164921,P164398,P165114,P169026,P170008,P170055,P172017,P172390,P172496,P174092,P176973,P177793,P186330,P182545,P179186,P179980,P181568,P170561,P184521,P184022
HALLMARK_ADIPOGENESIS,1.17166101323096,1.19196322949159,1.18670140822399,1.15473312754029,1.1547478937326,1.18637544938268,1.16100190718345,1.19426376920786,1.19272728077169,1.15130847993772,1.1825636156307,1.17831961398588,1.19008672983646,1.23348775893372,1.17614501143701,1.15963569607875,1.19725324143608,1.18353435418166,1.14673091013341,1.20133672786356,1.15899625170727,1.19624606174746,1.15261100120835,1.20756780557405,1.20534586785219,1.11915372035274,1.17176916503654,1.16892870678846,1.18962230133549,1.17494994334223,1.16433718378081,1.18058044533722,1.19976915066063,1.20929335248126,1.17112342142485,1.19380804755562
HALLMARK_ALLOGRAFT_REJECTION,0.773669165179291,0.982093872599145,0.883950710645631,0.789492112970385,0.833360532832482,0.931398975478264,0.722699233764247,0.808828764996032,1.04663931489547,0.846435915939878,0.93749791124658,0.858180296790194,0.85939671709738,0.955976975154423,0.996218611224969,0.727996534484322,1.00513635421749,0.898710485457757,0.858813922930374,0.858578494249197,0.88798230782759,0.940243760798361,0.7624376073094,0.898250540637997,0.832047527529084,0.615223963080742,0.811876131170892,0.824422769661451,1.07713664638912,0.905899006957392,0.722618507306845,0.740397582959243,0.898734905202744,0.843985942789024,0.695471022508284,0.811859664964166
HALLMARK_ANDROGEN_RESPONSE,1.10695859034738,1.14501455832488,1.11093201858474,1.03638753875171,1.10061284109726,1.1560432226103,1.08683022849614,1.09657231459242,1.12904158725386,1.10923465130098,1.11723496767546,1.06694446455401,1.08279629143767,1.13910208016893,1.12823109204794,1.05892579169027,1.15259291173041,1.11852592365636,1.05699272047061,1.05414280767207,1.12420300823744,1.12024891919974,1.07445847103737,1.11994390272844,1.08038747288347,0.997534440152696,1.09728953347967,1.06437196043754,1.12039543951161,1.17979993496939,1.09981684392636,1.11307917354303,1.13205687614189,1.10688096255967,1.07012193396337,1.13821690330615
HALLMARK_ANGIOGENESIS,1.0072101396006,1.10922115028411,1.1112494459049,0.858906343349989,1.14708176265043,1.15427641983322,0.789393997066156,1.09101506284023,1.0477207221708,0.980795536758273,1.17035456740848,0.980431398239862,0.984980355038382,1.11073273763538,1.1711759317558,1.00457736452379,1.12349882939716,1.04909181176485,0.899408488325715,0.90574865065363,1.11253194319731,1.04903247931392,1.06947577533124,1.10968663803863,0.961206967890216,0.871366418407986,1.0986916262951,0.881567361818718,1.14717414112792,1.03851700442387,1.00222332209951,0.951778990653738,1.07641624525607,1.00330570440852,0.870835664044958,1.01036214489565
HALLMARK_APICAL_JUNCTION,1.00098508601205,1.02523904024307,1.01088341975842,0.969408143868675,1.06436304006282,1.03215402110144,0.897957315569824,1.03404728543675,0.980171362937603,1.03655827250773,1.04008522456336,0.961863793777767,0.987274137941778,1.04601047185426,1.04634895919961,1.04565243898523,1.03167061570601,1.02369274885447,0.977598020171313,0.945623786894692,1.03512176721457,1.02731432000762,1.0089603309855,1.04986508032571,1.01469869704092,0.963391497114246,1.0356153412348,0.988909679455875,1.04288519690231,1.02299644447976,0.988671883847635,1.01247124748061,1.04188019891222,0.978447724962239,0.99909002521347,0.983153824668628
HALLMARK_APICAL_SURFACE,0.891339419484582,0.890742801724038,0.841882697902325,0.823680848138489,0.888745136404364,0.901910853894739,0.78015754967752,0.891855557009665,0.884107773238535,0.866593493191385,0.924388099049976,0.863773187063483,0.84095744325534,0.916219923242152,0.948122905751794,0.908177366532518,0.947916494228028,0.890367970036145,0.893369914116301,0.822936354779863,0.906214969949858,0.9207086160619,0.840182916217399,0.899423746147635,0.931219267639345,0.839311806496031,0.874217253510771,0.885957132170586,0.949893026410125,0.918461931248278,0.862588025016197,0.868656146856488,0.88990524796753,0.860465777105444,0.79386858938431,0.860809962477591
HALLMARK_APOPTOSIS,1.13078421997791,1.21748519068074,1.20018470721343,1.09743038813552,1.14988694770055,1.20925506481968,1.08825622259745,1.13970479831074,1.21622631185651,1.15444454737969,1.20560961191154,1.11522895850453,1.14596352674,1.19584969050326,1.21809398672946,1.08232920029428,1.21082866233118,1.18658753151066,1.15287455738522,1.13133570879798,1.17875070103088,1.18286233260157,1.12501708012063,1.17635284427351,1.14083160766799,1.03599814330324,1.16966178967079,1.11653083040917,1.24162722691605,1.19164330484594,1.10352530056687,1.12725496632365,1.1864337443996,1.13615796701121,1.0904452951813,1.16834030532011
HALLMARK_BILE_ACID_METABOLISM,0.872468126386232,0.910573623023386,0.880705585232422,0.878493601764027,0.832474038814732,0.868482319135751,0.888328278849106,0.887636977182508,0.900468670595015,0.83222043567178,0.878315855606205,0.859961029695034,0.878181266317735,0.935225532687544,0.900021989585488,0.823737542144684,0.948145430002762,0.888727358733545,0.866253657759053,0.930592385955683,0.805448884851931,0.894395434528182,0.829950535023413,0.891564426398286,0.93660595947974,0.749003603422852,0.869146431959644,0.892853914105096,0.882778773132927,0.828439337848926,0.80358534858205,0.886639437181512,0.927349996357966,0.948513072403351,0.874632569646333,0.881545489700177
HALLMARK_CHOLESTEROL_HOMEOSTASIS,1.18448832264336,1.22110161931713,1.18724789398622,1.16267869683316,1.18878054036815,1.19804897158738,1.15137576572576,1.18733505459645,1.15350294045612,1.200226168284,1.19379536483002,1.16194740519205,1.15667295909167,1.24314347966911,1.20869634882867,1.15458148203008,1.18645610596439,1.21516316079332,1.1619262164448,1.13529386564076,1.21289110281323,1.22458159672489,1.19301752314287,1.1731339497433,1.21503490373777,1.10675879946531,1.21289794011052,1.15625451073912,1.19149798974033,1.22575687790477,1.22682730448735,1.19314818938694,1.19846841497697,1.20023815852487,1.19157699618106,1.2279845029838
HALLMARK_COAGULATION,0.837292688950189,0.919112427523263,0.918884176317664,0.787807653481274,0.863739876565562,0.887564637953932,0.781205988897848,0.867029887228359,0.912695147500959,0.876275780270914,0.943853132099713,0.83806797717699,0.835971258386025,0.925956801342379,0.91986036744789,0.798032151383566,0.91579335503604,0.874267038190454,0.823279672835245,0.832682594433431,0.882954758681176,0.900809197229041,0.84369577833053,0.904881814942659,0.850728681225113,0.698359818519881,0.83627037562452,0.806256365453128,0.919140881834834,0.854685362944622,0.774605986876124,0.760249646347688,0.881433737941345,0.815017592733532,0.748633194977711,0.831334146089617
HALLMARK_COMPLEMENT,0.960518832926935,1.07724692635981,1.05002526124976,0.927524868780692,0.99835926036165,1.02967668937916,0.913319509371005,0.97167716773384,1.09232724569865,1.00193283549665,1.04735789769673,0.986197696074475,0.981778507407155,1.04487063882128,1.08283623868418,0.907127212747511,1.05823311859438,1.00977957260494,0.97832084910632,0.980052191771397,1.01041400687818,1.05323683705004,0.942477366273072,1.02973982112293,0.973133708885424,0.821183433903838,0.98045286700899,0.95308262722155,1.06701807260105,1.02013476857887,0.934278088171661,0.941774374811261,1.02829480245733,0.995099181230024,0.902897843585796,0.989602594340072
HALLMARK_DNA_REPAIR,1.20436663454899,1.1976904376206,1.21616993673134,1.21473907550211,1.22036990870324,1.20627705593135,1.2020775299444,1.20544732275998,1.19480500962419,1.21367076449543,1.22174361014761,1.24846376619648,1.21556220973063,1.20123467495594,1.2080624168203,1.22169724589988,1.21263256022313,1.22941048223693,1.21750523540752,1.20548165195939,1.2281026619289,1.22297960443314,1.22762216640741,1.19748922585334,1.20208570404809,1.24938188321948,1.19724240256209,1.19863002107625,1.24001473115986,1.2289276164161,1.21640908078059,1.20610376267225,1.19901737075568,1.20698749323539,1.23437196537967,1.19428492530787
HALLMARK_E2F_TARGETS,1.18373746294434,1.08332019350245,1.16843976595097,1.19152825344362,1.21202720340942,1.1131096658338,1.0781631157567,1.14055879586118,1.06820996890236,1.27698747036867,1.13149442638889,1.2336780419008,1.11590510084554,1.00846112335577,1.16284678068453,1.21944226827967,1.11786782831697,1.14168689227961,1.17773158020272,1.06182164429383,1.26955500903338,1.23604056375159,1.21722052461248,1.13406667061564,1.06643614360867,1.3244741047023,1.12447117661482,1.07357987086503,1.16156616157266,1.22171567425714,1.27470274710625,1.15445211471765,1.08190803252073,1.11928481512375,1.183469407682,1.14176799738788
HALLMARK_EPITHELIAL_MESENCHYMAL_TRANSITION,1.08319892227883,1.19171585058111,1.17768065370959,0.984941009554628,1.18367395933475,1.19543851313788,0.933590107313175,1.17065412056203,1.1796130794876,1.11691411558528,1.1739033014858,1.02384113472996,1.0885958370203,1.16574130569337,1.20965453999563,1.09835224733069,1.17291875682588,1.17494847374802,1.03415260706198,1.01655316974233,1.15796386094586,1.16047998767272,1.12105090103409,1.17645295633983,1.05622045683043,0.980653190443537,1.16720767417515,1.04565401799377,1.26532755202737,1.14593421039712,1.05796972257741,1.03403936356846,1.16144146742935,1.03825836978016,0.990100484304624,1.07568615741842
HALLMARK_ESTROGEN_RESPONSE_EARLY,0.9484595750086,0.9946835079134,0.938390221201797,0.854425943985179,0.933330326605729,0.979992315601716,0.885303783073307,0.954699107125899,0.953382444439156,0.949858420354339,0.985496507793652,0.882090884460795,0.957574104484754,1.02172685145276,0.977609160189442,0.936683869024529,1.00972418762305,0.975658138126627,0.943935189974303,0.921778668849317,0.935586885215289,0.974952817875961,0.929268156594357,0.957683235212516,0.961213878975673,0.861989811387448,0.982168317560313,0.924769063635506,0.989313934153735,0.981429242047675,0.922866723254789,0.937673111436249,0.971556997559833,0.939994335385025,0.933808197685345,0.959876821285986
HALLMARK_ESTROGEN_RESPONSE_LATE,0.942519012782547,0.974347132983131,0.937076779996797,0.893102362299819,0.921605840265919,0.969105031983769,0.886668254027564,0.967325194400492,0.982481894053249,0.96730752588665,0.991996487925923,0.914486683064597,0.953766938491625,1.02429253968203,0.990539475085459,0.932558680574807,0.994691629466665,0.959606386340266,0.965233490148386,0.925065084715712,0.94496968542611,1.00493724602751,0.941862964582444,0.952338904203207,0.965485855839046,0.874664025267685,0.969161111048323,0.921377928515381,0.978535946544475,0.986773547830617,0.929001088781381,0.912759014587831,0.962966649700703,0.943400087135986,0.925295734947365,0.951184152663947
HALLMARK_FATTY_ACID_METABOLISM,1.0624193110434,1.09094997510316,1.08854561298561,1.08818458181674,1.04544540155081,1.08402077262402,1.10791678354017,1.09616182617985,1.09271717073184,1.0656165413131,1.08509997507906,1.08866530463653,1.08169681915757,1.12252425015564,1.07340580355989,1.05032671317629,1.09783472655247,1.08437386215542,1.07008449360911,1.11504414542514,1.05621517688244,1.10075389349533,1.05401559507389,1.09488013983292,1.11220769686017,1.0248818911733,1.06174101010885,1.09223152467285,1.08071843827389,1.06447551591917,1.055263882584,1.08595807065641,1.11449490555508,1.12826114219613,1.0879895366006,1.09235919216075
HALLMARK_G2M_CHECKPOINT,1.18586916093232,1.08428500602376,1.1700185449878,1.1826305421278,1.21135856073088,1.11442619749567,1.07470066782558,1.13497494177387,1.06159185163991,1.27313752248225,1.12675931941878,1.21186519830108,1.10563441194411,0.994281083628444,1.16746806026185,1.21728198405328,1.1110497419493,1.12910659644154,1.17551702836384,1.04159582801903,1.26350773201949,1.22781861170249,1.20728814094865,1.14236947044673,1.06414596578026,1.30304965906658,1.12744183480837,1.07711805124317,1.14955589149146,1.20481859435214,1.27298033219182,1.15186580521804,1.07442453735389,1.10530542554786,1.1699727660674,1.14113713809913
HALLMARK_GLYCOLYSIS,1.07121499957635,1.08148688650635,1.089484870868,0.98571234332691,1.07900909056253,1.08316115089401,0.986401498626057,1.09357054592232,1.05256987025479,1.0790612246209,1.08847243750109,1.06864449078204,1.06477046081628,1.08444371869863,1.09355490524987,1.06555714128125,1.09771411267054,1.08957581746106,1.03165073431647,1.03510945604525,1.08447070031174,1.10955249115976,1.07488852407833,1.07537301629894,1.07441214964759,1.01384047941887,1.04335584178446,1.02986943433759,1.10435713428175,1.0949618486882,1.04690429225593,1.05145717275933,1.09656787703572,1.05251157373772,1.04642418790177,1.06572566771577
HALLMARK_HEDGEHOG_SIGNALING,1.13835536014347,1.07410397838826,1.13203633038549,0.99120161826366,1.1369280855451,1.14198336952005,1.01592746735626,1.07837795739877,0.949147514408337,1.14262656535426,1.14478775350677,1.03881205601268,1.07539723010025,1.05560857427601,1.09452999380107,1.0791733174954,1.1289272226512,1.08967711575397,1.04066041568335,1.01396075980519,1.16985437860478,1.12811078309428,1.10995187419625,1.16119279677341,1.06037269510457,1.10014248393238,1.06622399665866,1.0549123232842,1.06607506024597,1.17408101715784,1.10528121121042,1.03295355605303,1.07797195425732,1.02774205849634,1.0633611791365,1.09047677259227
HALLMARK_HEME_METABOLISM,1.02403651918329,1.05538527602533,1.00762733892378,1.01663291816588,1.02518127040879,1.04233145769554,1.0203144256891,1.03823796784413,1.03043677850249,1.01478584867763,1.03258111685218,1.03368059171411,1.00623555207542,1.05484048678607,1.05283460923877,1.04033300947963,1.04620646189024,1.04644228459058,1.02386872356048,1.02271320904174,1.03499229743145,1.03929385527683,1.00993081156973,1.05328408498698,1.0525863308215,0.968297916152311,1.03792317288448,1.06209250266298,1.02636361998888,1.0287173610382,1.01903163612436,1.04042265922904,1.05541800994965,1.07661589579987,1.02928678749767,1.04206217469514
HALLMARK_HYPOXIA,1.06070719487577,1.15540615097496,1.17869173667454,1.01342120983379,1.14599443966777,1.12637800005757,1.02360040700833,1.18018390412013,1.14716413840994,1.0985083698631,1.15244536886599,1.08670697407073,1.09684225666942,1.15634102352282,1.17509880532915,1.07760361469781,1.13828317343193,1.1383838905151,1.08231706164159,1.05577732753925,1.13137247666029,1.15090998955948,1.10390258552249,1.11759289615229,1.09815247090366,1.01327085910628,1.11617777690455,1.06609611416375,1.13232293079714,1.13938606553831,1.07550465226347,1.08270218537772,1.15848860904462,1.09165426490201,1.04075960862716,1.11188006952889
HALLMARK_IL2_STAT5_SIGNALING,0.998140696045002,1.10018863078739,1.06642721274353,0.954011810368213,1.0344131527228,1.0620018907804,0.933777725214835,1.02220800842619,1.106705698513,1.01991789191469,1.07727004725696,1.01355636305972,1.033333968216,1.08670388606778,1.10308850903991,0.973620371786606,1.09241768316096,1.07230059904598,1.01468858166799,1.00695984908174,1.03867247529361,1.06875574313055,0.981023545380378,1.0448402357626,1.00474613154743,0.892698281986207,1.01673101781236,1.00039696200891,1.14475829067996,1.07016366033527,0.986254200487631,0.955058668616139,1.05711111871887,1.01618769211008,0.948572500866082,1.02813147100012
HALLMARK_IL6_JAK_STAT3_SIGNALING,0.93237572362028,1.10550051469056,1.00888320612897,0.875630245603684,0.959799705225324,1.04972314615386,0.848985955078974,0.944846337173995,1.11526113211218,0.947487910106619,1.05606130028544,0.933360210545022,0.956222377458715,1.05129243877685,1.11514875421235,0.831178760702122,1.08250963087205,0.999084113790691,0.953812048744925,0.923925849282914,0.975805526969039,1.03813195037695,0.886854112379625,1.00521080221317,0.921262425101163,0.72550208710804,0.970392573796153,0.913132120680916,1.1296025190119,1.01290470658501,0.878629985376286,0.892854903326229,1.0241790598664,0.946258470085921,0.814241402784384,0.978743463252195
HALLMARK_INFLAMMATORY_RESPONSE,0.846647532546737,1.04045476809409,0.927473409645796,0.772374056614049,0.878345400273017,0.999978349031145,0.728291180359841,0.861296603390986,0.997552176520181,0.874465859853428,0.979771720765787,0.82864611487838,0.885000368042999,0.997408364570321,1.02571301009601,0.747404365258882,1.00886516553049,0.956434833645394,0.887659173146377,0.840137454483276,0.904692874004011,0.964403460415017,0.80073131623417,0.919093422235118,0.869994661301841,0.611412561814932,0.900413259111403,0.860858530056577,1.07631976767168,0.960553312821063,0.815050502070378,0.823902243869083,0.973923642269946,0.886482718425123,0.765025682414258,0.922981816689168
HALLMARK_INTERFERON_ALPHA_RESPONSE,1.10998033374832,1.22716259143232,1.10424330306548,1.18380992631966,1.10284971642985,1.24280237722143,1.08656519855077,1.07601828782089,1.30397994731982,1.24210174993772,1.17789635037828,1.18480555917554,1.18423592462968,1.20008484379031,1.20873736064054,0.946665591828392,1.20309709847393,1.15564024406305,1.21412463746033,1.12893854942004,1.15482374006862,1.1987807650077,1.08897095774938,1.13862491719873,1.11598696433145,0.874496192038833,1.10995520941024,1.11533935369961,1.30456132939026,1.22454239081534,1.03840469945477,1.0230218827096,1.14835706425938,1.15652360273669,1.00729234446136,1.16844279290794
HALLMARK_INTERFERON_GAMMA_RESPONSE,1.02124872498222,1.18924000722801,1.05701139222721,1.05238289400773,1.03458892858137,1.14696006143658,0.992923277321238,1.01891717151431,1.22840536575975,1.11935346817078,1.12228736775586,1.07636461986427,1.08327415435164,1.13207051875672,1.16942854252907,0.901909998185129,1.15861026015695,1.10614326546361,1.10808109404682,1.05974428290174,1.06296949904239,1.12415410916121,0.983895074723278,1.076376269834,1.02151579501821,0.799410054491761,1.04138056494328,1.03084710377618,1.26391990393113,1.13423658414626,0.960678755958794,0.947936545730584,1.09719671954414,1.06762295635583,0.914833653872006,1.08518188800216
HALLMARK_KRAS_SIGNALING_DN,0.432613598654799,0.438816201353254,0.452020370218237,0.4724432146971,0.456366987056981,0.428263784502039,0.411747086244326,0.485304031837918,0.432901161069318,0.501950755057652,0.469356427026222,0.446883810201083,0.45057158401096,0.501900108157617,0.460893980608854,0.497365016494023,0.481934419640533,0.445266176958665,0.523113150226713,0.457068791663501,0.4874457689096,0.485859198811016,0.499611566008288,0.473249834875891,0.516092302690413,0.478679915912954,0.476961066378581,0.482479426695338,0.42359143992717,0.487774580980885,0.451059331345819,0.501399869716596,0.476252469538497,0.488955659626301,0.500277558078741,0.444292422752881
HALLMARK_KRAS_SIGNALING_UP,0.950878756889348,1.03691710852849,1.02334693092974,0.901521116381034,0.976418897582116,1.04538324973282,0.891166286074921,0.979267241840671,1.0260514593498,0.954779981892252,1.02821630654875,0.926896435802826,0.961301833573946,1.02716092306995,1.05914782809013,0.904170278682075,1.04675609243625,0.985572256817165,0.923612422281517,0.941690127002709,0.988766485337328,1.02625235554675,0.916830735847935,1.0182090242913,0.941155114270793,0.818680473726605,0.951336035516655,0.934620095263729,1.03372186465093,1.02179463737469,0.921698325546824,0.918373447137884,1.00714823763684,0.968230787438592,0.890306642865284,0.967105608031922
HALLMARK_MITOTIC_SPINDLE,1.19591654885631,1.15578444461607,1.17055281543082,1.16124307630175,1.2230204248918,1.14797892360843,1.12981260239318,1.15756664038927,1.12943622419918,1.23764992700283,1.15564099323066,1.19575243053903,1.1270794618624,1.09039903767134,1.18068041603348,1.20175981533794,1.14588014324836,1.16263667342432,1.16121514946895,1.1171038963624,1.22488552168081,1.21371490910389,1.17882418955157,1.17527864847163,1.12640737473112,1.22482860890306,1.16202643483332,1.13132461843832,1.14609041660526,1.21500045165136,1.23518081718623,1.16794595023695,1.1463052469067,1.15627316934482,1.16297691835688,1.16827766843577
HALLMARK_MTORC1_SIGNALING,1.2332036185638,1.28827277727941,1.27608042194584,1.21490236339343,1.26221028602065,1.27073410292972,1.2008622120407,1.26581936978661,1.24426912781389,1.26949127354315,1.2595596521397,1.25449693961421,1.22575003053136,1.26949858848877,1.28417234705388,1.22651220526719,1.27757541208171,1.26912386828308,1.24106726729989,1.22016480444474,1.27254206940127,1.28850863755296,1.24063581071927,1.2494756225334,1.24934674772236,1.23085894543592,1.23532829054946,1.21947830897996,1.27544452949158,1.29703621296783,1.28582592255454,1.23140261747513,1.27208948147431,1.26846530329429,1.24664175668719,1.2744308676784
HALLMARK_MYC_TARGETS_V1,1.35869463989319,1.35685280890449,1.3740133221956,1.37279267984486,1.38921170037991,1.3600223390096,1.35544596962018,1.37412139734001,1.34567199524673,1.39883967210157,1.3689004511476,1.38702907931746,1.36408235712989,1.33930827783815,1.36910790255039,1.38984855780129,1.36924568983826,1.36509469861457,1.3598393537656,1.35180924013714,1.3917013900998,1.38333979475224,1.37930926120076,1.35574384849616,1.34122334325006,1.41174708624433,1.35913646195174,1.33717222930267,1.36806494358446,1.40015728116929,1.40434440500626,1.36508906007348,1.34571854358798,1.36038588211398,1.3888146204931,1.36897676224993
HALLMARK_MYC_TARGETS_V2,1.15831122989366,1.18302052916307,1.16167202345477,1.15772950415742,1.21165522877226,1.15560803271381,1.15247416733697,1.20092027429465,1.1558601880661,1.21209409131154,1.2027250618413,1.21270933216767,1.18674287342102,1.19635187973819,1.14688014226322,1.25962454794798,1.17491664707537,1.20641399079301,1.19761207251171,1.16212749233924,1.20872008590831,1.17820503068637,1.22308008188889,1.15223925758237,1.17163115558838,1.29158979723678,1.20195361664267,1.14404522373287,1.21400576828896,1.23110829963786,1.22241141497527,1.18788531233936,1.14736100688851,1.13741519722766,1.23402027740539,1.15513170905771
HALLMARK_MYOGENESIS,0.942610744465327,0.961247338564025,0.989729613928293,0.942062932358793,0.974195908387116,0.981663117044211,0.932169973119955,0.988938496893196,0.972392648313263,0.964302777578428,1.00876433781761,0.919556989399417,0.962175944379194,1.03214399049459,1.00618030868214,0.924982916704569,0.968290612830845,0.99039199217102,0.948939443371755,0.993383083287297,0.959908861412297,0.996019797380603,1.01063111402626,0.995635108289618,0.999238500869797,0.867733836760379,0.990321970454663,0.978183097865957,0.960649697153714,0.950693084462605,0.925722132130924,0.941616430389185,0.998902394541307,0.958797190609917,0.934223769703392,0.935323012904702
HALLMARK_NOTCH_SIGNALING,1.22542328100755,1.21404740109212,1.18017204502954,1.11590710306041,1.20601812037797,1.20460506676386,1.10527359707636,1.17772887091767,1.10294914295739,1.19511702934458,1.21520762714303,1.1733786615445,1.1696413942083,1.20270454382037,1.20716332686675,1.18497261075312,1.22067689709168,1.21313724305024,1.18252183495005,1.10855232954477,1.21605400305307,1.21686718850332,1.17913998738273,1.18862317128684,1.16969444010921,1.1299816141534,1.2202672216514,1.14505949307225,1.23818066574615,1.1979181287168,1.18378417968717,1.24848992042869,1.21074106732498,1.17401184742939,1.16659254277097,1.19808480569305
HALLMARK_OXIDATIVE_PHOSPHORYLATION,1.29646152825017,1.32342335829317,1.34691578495629,1.32359289372593,1.29199636790412,1.32899020948354,1.34679300676785,1.33016067824051,1.32006428844876,1.28609521626775,1.33101659782186,1.33502362288874,1.33676722313298,1.34454160264215,1.31051410760112,1.2892005914103,1.33688844178698,1.32678800343555,1.29639608192312,1.3649045219437,1.30252046212855,1.3166747145082,1.31622840864261,1.31925471114095,1.34005203909539,1.29315314164861,1.29324243249717,1.323631132577,1.32433183158526,1.31089134628883,1.32823301112708,1.3155851455065,1.34572174024676,1.34953599324679,1.33315572806435,1.3325364974776
HALLMARK_P53_PATHWAY,1.11427997171587,1.19469458378413,1.16351127173983,1.05539997391705,1.11363602323011,1.16121012961396,1.07086487512501,1.15039186781864,1.14235528868086,1.10559914038005,1.18096257879825,1.114251860373,1.1422213276308,1.19175072084951,1.16876612894425,1.09220024807707,1.18102396393393,1.17256642501861,1.13873079915812,1.12139035892226,1.13117393661558,1.12603120525461,1.12525046367183,1.14153092732589,1.13678984269293,1.05642912294778,1.12450979228366,1.12675779692955,1.19433151284895,1.15335397032684,1.08667150416193,1.09225267901766,1.18773366843869,1.12666973676515,1.08200246273149,1.15553045012763
HALLMARK_PANCREAS_BETA_CELLS,0.647736060559315,0.563078668112292,0.756721241251331,0.579042978282213,0.590148421707644,0.601478473895582,0.586042761995838,0.642605984002125,0.550354301330544,0.723921190396203,0.727291937782925,0.565932695977572,0.660992932795528,0.59402604550531,0.610115099368963,0.661811919578813,0.634305790664649,0.572335569247676,0.650905544798275,0.640808921119076,0.705642752049956,0.637416133447286,0.596892760594201,0.66376664606639,0.631793353250884,0.721427000982629,0.559837275174835,0.595996256122319,0.426208659473603,0.595689162515712,0.657117812227201,0.605449558033729,0.614656211362877,0.614203247093512,0.67739952679958,0.593254444241259
HALLMARK_PEROXISOME,1.06879540933405,1.09059113621752,1.0889905772147,1.08830028173173,1.06060421293705,1.09151561818367,1.05148973779993,1.09583236898121,1.11062495262074,1.08863099401337,1.09389701209925,1.08237818531071,1.08923230666478,1.10894289113985,1.08543580298826,1.05563747949968,1.10906077066025,1.06999405535383,1.0777393086437,1.09711840321231,1.05790633947553,1.11612213810981,1.07073524638421,1.07345125378581,1.09313137012057,1.03043453201035,1.0634555767644,1.07920726485658,1.06193980310977,1.08189640784103,1.07683658869699,1.10202935853997,1.09382113774672,1.12154689029153,1.09188785892831,1.04938218752935
HALLMARK_PI3K_AKT_MTOR_SIGNALING,1.12025986684811,1.16581712534637,1.14680884242381,1.11138789749473,1.13648352039806,1.12803216494699,1.12209333663504,1.13559991399174,1.14871805032789,1.12494694544093,1.14080019442689,1.1385327886201,1.11450163989012,1.14077580486781,1.15222540241157,1.10041858722509,1.14398056479498,1.13645041317257,1.12621052959107,1.13463970470118,1.13738415268824,1.14739954191351,1.09827314064822,1.12467308873431,1.12857522629111,1.08023778929297,1.11750127799965,1.11946022603277,1.15372122031871,1.13723447779136,1.12776063834082,1.10970575182124,1.1389014224849,1.14159707579745,1.10385310812447,1.14367120497702
HALLMARK_PROTEIN_SECRETION,1.23379471132806,1.27056586038247,1.23309976909811,1.20494854202626,1.23319347915792,1.28074322990741,1.20379861522498,1.2384339083881,1.26696227843661,1.23558468429941,1.22840074171171,1.22424225110996,1.22320802704216,1.24454976876929,1.26391720426288,1.20688617281333,1.2797759620174,1.2247544768237,1.19290076141438,1.20802730738823,1.24755854273449,1.25926278987621,1.19894875550818,1.259428039136,1.22112553287819,1.14559524908268,1.21156802272277,1.21234644965734,1.22609630331113,1.26732084702476,1.22420359019429,1.22351468970001,1.25728954466694,1.27112336559268,1.20980800514114,1.27762811843444
HALLMARK_REACTIVE_OXYGEN_SPECIES_PATHWAY,1.18460306470072,1.28276275402468,1.2432959148037,1.20595480900241,1.20607858594641,1.21987731627322,1.19234982961033,1.22577399557783,1.27376888490271,1.21055736611475,1.26938963081373,1.23176939201045,1.21581428420979,1.31136617211117,1.26367903988275,1.15912502351392,1.23994277092212,1.25681038882627,1.22568849724623,1.22497123320909,1.20918197255531,1.27060088144858,1.17880583738704,1.21962972842807,1.25787685691793,1.17678063601002,1.20793772428748,1.17970881357202,1.25635269361393,1.22868626127776,1.20048835202915,1.18662952477631,1.23016288813134,1.23583197771985,1.17087851697056,1.20754026677432
HALLMARK_SPERMATOGENESIS,0.661363051399797,0.573200982182481,0.627745187427869,0.654816883420139,0.604845700565509,0.610401277460253,0.577336775388169,0.618637800378131,0.596343977169404,0.701751150393774,0.65178574639307,0.631791720320359,0.569048241541098,0.534014461161013,0.652804945023826,0.670089494359414,0.622218448998295,0.565404276584241,0.613057870392075,0.577781754061195,0.679252470236238,0.671182315840714,0.623063614388754,0.630966890574637,0.611377005860217,0.647191978991981,0.596525477067832,0.573669307316966,0.570197337038609,0.684918655141701,0.717202153373099,0.673461853516523,0.588863367902415,0.602314688949043,0.664643593841602,0.623905232719968
HALLMARK_TGF_BETA_SIGNALING,1.22202375511733,1.2820596408542,1.2546909557305,1.20845458791044,1.26894888320495,1.26002981404322,1.20256639073776,1.23621040621919,1.27976313469861,1.24351773784647,1.27303347454111,1.1806620014557,1.21266583575018,1.24189346088669,1.27254980725079,1.22849644017585,1.25601603216099,1.24746866359245,1.21002745417068,1.1866162149673,1.2549149418026,1.25552371803868,1.22393657058279,1.25295643201068,1.21391702937062,1.17872340389401,1.28724561696659,1.22063596662384,1.2675999493802,1.26675234974008,1.2014328553357,1.23245017218827,1.24584104621567,1.23725339901819,1.17937727645961,1.26213133074387
HALLMARK_TNFA_SIGNALING_VIA_NFKB,1.07501272829677,1.28171696968699,1.19470855008735,1.02146676564946,1.11691092811567,1.22232833977004,0.998041973466783,1.13598623640332,1.17536075311403,1.10342160770811,1.23159867498846,1.03336402157811,1.11266725321211,1.21038219688117,1.25498383326203,1.04744981654853,1.20033062031726,1.19908838378959,1.16609370882659,1.04295166435724,1.1633043591781,1.14649570186614,1.12057757983598,1.1385616652751,1.09108002287259,0.953643562568808,1.18323849910157,1.10374603560846,1.26374853412707,1.19052784662906,1.09802436365155,1.08133353400163,1.2000699691488,1.08845987967161,0.990858221667859,1.18298084257034
HALLMARK_UNFOLDED_PROTEIN_RESPONSE,1.23401141680298,1.27556826908224,1.26677961927067,1.21008948673494,1.27963222839705,1.26724191535747,1.17730165877075,1.28175003262441,1.26137980048718,1.27446931049128,1.25897793691514,1.26997804616359,1.2514343880038,1.28933363495438,1.269459252698,1.27599691302397,1.27378396918093,1.2585662026528,1.25044311687967,1.22148992830455,1.28179532121657,1.26944945642913,1.26657461812353,1.24245125458766,1.24549443263459,1.26892237987322,1.2609173155969,1.22615889993168,1.28000963492872,1.30305167542139,1.29107054294533,1.25615641306219,1.27080868553077,1.24456497972205,1.25986857908118,1.26600359644755
HALLMARK_UV_RESPONSE_DN,1.14329661537304,1.19184524409307,1.15388169522822,1.08219009516456,1.17575452236884,1.17429616539773,1.0967240966959,1.16490847747849,1.15788733416702,1.14007815548674,1.14941081460952,1.06937646227538,1.11588117134412,1.14878642825387,1.18633323917516,1.12474097601314,1.1718762893897,1.17627080139918,1.08179413170729,1.11764769367165,1.16692668650876,1.1487163767067,1.11253131651551,1.17509209324718,1.10892567118139,1.04994581958811,1.16268875648384,1.10473507630812,1.16440670935417,1.16514130122595,1.13091611362401,1.12534410613356,1.18227579782084,1.13335941186855,1.08678524971961,1.14776445143408
HALLMARK_UV_RESPONSE_UP,1.11424032170891,1.16831890125633,1.17883307115506,1.09699820646101,1.12495437441451,1.15987902242656,1.06726421388918,1.12922957975606,1.13010138024608,1.15683204257574,1.18288367478761,1.11826640574319,1.12867313535337,1.1737402129016,1.15912587935434,1.12617925811453,1.16721597343561,1.15066424522664,1.14026289942431,1.11523180720987,1.17018341046734,1.16447740140768,1.13668720659225,1.13867778634815,1.12578904292671,1.11139165412995,1.12058894278733,1.11519472000669,1.15419608476204,1.15118478347559,1.1486141537715,1.10314814493472,1.1463298654177,1.11218188220123,1.12341940055301,1.14741084306113
HALLMARK_WNT_BETA_CATENIN_SIGNALING,1.12009939491024,1.09318044268478,1.08338724180129,1.06373572263093,1.14514908698034,1.08012249280621,1.00620475663335,1.11785261440871,1.05606621683009,1.11414426764001,1.10703876120842,1.09461890663515,1.09926850556374,1.107417696564,1.08328520268274,1.13628742395605,1.11563329677532,1.10661776625054,1.07548544187262,1.01984529041093,1.11916878096982,1.09236404449471,1.13339413163418,1.11825648493784,1.08005880826084,1.1067399795131,1.1477917794989,1.06441363131858,1.10369113070317,1.09974178835613,1.09059015472087,1.15059676456215,1.07271216929903,1.0675972558081,1.14494944031009,1.05912764311892
HALLMARK_XENOBIOTIC_METABOLISM,0.912856631217048,0.973868042174795,0.969544199964755,0.892476050079778,0.924204936329694,0.962347609960781,0.918731447325452,0.977241418975777,0.957930654807831,0.931179715750613,0.961304528019597,0.926396500166689,0.951821757877867,1.0011384845471,0.966023563821272,0.879382703913713,0.965541951640126,0.950004911754371,0.912416396208733,0.936742015456606,0.911616273062588,0.946509597940867,0.897536740430975,0.950885733076833,0.948016172191157,0.831921707100109,0.929600536889268,0.929060789441989,0.975206803421928,0.92334792009488,0.885806891715866,0.898770440587577,0.968860125772889,0.948057092656815,0.9033778102219,0.930664320981741
